{"cameraMode":{"drawMode":0,"name":"Shaded","section":"Shading Mode"},"sceneLighting":false,"audioPlay":false,"sceneViewState":{"m_AlwaysRefresh":false,"showFog":true,"showSkybox":false,"showFlares":true,"showImageEffects":true,"showParticleSystems":true,"showVisualEffectGraphs":true,"m_FxEnabled":true},"in2DMode":false,"pivot":{"x":-1.8066272735595704,"y":-1.811833143234253,"z":17.96178436279297},"rotation":{"x":-0.05717846751213074,"y":0.058965928852558139,"z":-0.003383055329322815,"w":-0.9966164231300354},"size":9.939373016357422,"orthographic":false}